player,team,pos,proj,salary
Marcus Mariota,TEN,QB,11.860033333333336,6700.0
David Johnson,ARI,RB,18.906666666666666,6900.0
Saquon Barkley,NYG,RB,27.813333333333333,8600.0
Larry Fitzgerald,ARI,WR,17.82566666666667,5800.0
Julio Jones,ATL,WR,25.176333333333332,8700.0
Keenan Allen,LAC,WR,23.756333333333334,7900.0
Corey Davis,TEN,WR,18.698999999999998,5800.0
Jordan Reed,WAS,TE,14.331666666666667,5200.0
Pittsburgh Steelers,PIT,DST,2.352,3400.0
,,,160.72103333333334,59000.0
