player,team,pos,proj,salary
Lamar Jackson,BAL,QB,12.700300000000002,7000.0
Saquon Barkley,NYG,RB,27.781666666666666,8800.0
Jalen Richard,OAK,RB,14.659,5300.0
Larry Fitzgerald,ARI,WR,16.971333333333334,5900.0
Tyler Boyd,CIN,WR,20.851666666666667,7000.0
Keenan Allen,LAC,WR,21.314999999999998,7600.0
Corey Davis,TEN,WR,19.555,6200.0
Zach Ertz,PHI,TE,23.136333333333337,7600.0
Baltimore Ravens,BAL,DST,3.74,4200.0
,,,160.71030000000002,59600.0
