player,team,pos,proj,salary
Carson Wentz,PHI,QB,13.430333333333333,7700.0
Saquon Barkley,NYG,RB,27.781666666666666,8800.0
Jalen Richard,OAK,RB,14.659,5300.0
Larry Fitzgerald,ARI,WR,16.971333333333334,5900.0
Tyler Boyd,CIN,WR,20.851666666666667,7000.0
Keenan Allen,LAC,WR,21.314999999999998,7600.0
Corey Davis,TEN,WR,19.555,6200.0
Zach Ertz,PHI,TE,23.136333333333337,7600.0
Washington Redskins,WAS,DST,2.6500000000000004,3600.0
,,,160.35033333333334,59700.0
