player,team,pos,proj,salary
Joe Flacco,BAL,QB,9.827900000000001,6100.0
David Johnson,ARI,RB,22.763333333333332,8600.0
Christian McCaffrey,CAR,RB,19.387333333333334,7500.0
Larry Fitzgerald,ARI,WR,19.224333333333334,7300.0
Julio Jones,ATL,WR,21.558333333333334,8300.0
Keenan Allen,LAC,WR,22.676,8000.0
Danny Amendola,MIA,WR,16.27733333333333,5100.0
Jack Doyle,IND,TE,14.496000000000002,5600.0
Dallas Cowboys,DAL,DST,2.6080000000000005,3500.0
,,,148.81856666666667,60000.0
