player,team,pos,proj,cost
Blake Bortles,JAX,QB,12.684266666666666,500.0
Saquon Barkley,NYG,RB,27.781666666666666,1320.0
Melvin Gordon,LAC,RB,21.247666666666667,160.0
Brandin Cooks,LA,WR,18.540666666666667,320.0
DeAndre Hopkins,HOU,WR,22.441333333333333,290.0
Julio Jones,ATL,WR,23.157333333333334,660.0
Zach Ertz,PHI,TE,23.136333333333337,710.0
Brandon McManus,DEN,K,6.419999999999999,240.0
Baltimore Ravens,BAL,DST,3.74,600.0
,,,159.14926666666668,4800.0
