player,team,pos,proj,salary
Nick Foles,PHI,QB,10.455933333333336,6000.0
Christian McCaffrey,CAR,RB,25.959999999999997,9300.0
Ezekiel Elliott,DAL,RB,22.302333333333333,8800.0
Jalen Richard,OAK,RB,13.762333333333334,4800.0
Julio Jones,ATL,WR,21.941000000000003,8700.0
Amari Cooper,DAL,WR,16.976666666666667,7000.0
Danny Amendola,MIA,WR,12.833666666666666,4700.0
Zach Ertz,PHI,TE,17.933,7400.0
Philadelphia Eagles,PHI,DST,2.2860000000000005,3200.0
,,,144.45093333333332,59900.0
