player,team,pos,proj,cost
Kirk Cousins,MIN,QB,11.225466666666668,330.0
Melvin Gordon,LAC,RB,17.015,280.0
Christian McCaffrey,CAR,RB,25.959999999999997,200.0
Davante Adams,GB,WR,23.548666666666666,400.0
Brandin Cooks,LA,WR,17.634,750.0
T.Y. Hilton,IND,WR,18.165,230.0
Rob Gronkowski,NE,TE,13.109,1030.0
Stephen Hauschka,BUF,K,5.300000000000001,890.0
Chicago Bears,CHI,DST,3.6699999999999995,650.0
,,,135.62713333333332,4760.0
