player,team,pos,proj,salary
Deshaun Watson,HOU,QB,14.312399999999998,7600.0
Christian McCaffrey,CAR,RB,24.648999999999997,8100.0
Nyheim Hines,IND,RB,17.02533333333333,5800.0
Saquon Barkley,NYG,RB,23.356666666666662,7900.0
Julio Jones,ATL,WR,24.40066666666667,8800.0
Tyler Boyd,CIN,WR,20.16633333333333,6300.0
Sterling Shepard,NYG,WR,18.03633333333333,6200.0
Eric Ebron,IND,TE,20.354333333333336,5700.0
Pittsburgh Steelers,PIT,DST,1.9719999999999995,3400.0
,,,164.27306666666667,59800.0
