player,team,pos,proj,cost
Drew Brees,NO,QB,12.836533333333334,510.0
Austin Ekeler,LAC,RB,17.314333333333334,230.0
Theo Riddick,DET,RB,18.370666666666665,400.0
Jarvis Landry,CLE,WR,15.221666666666666,440.0
Emmanuel Sanders,DEN,WR,20.527333333333335,700.0
Adam Thielen,MIN,WR,23.72066666666667,930.0
Eric Ebron,IND,TE,14.573333333333336,920.0
Stephen Gostkowski,NE,K,7.71,160.0
Carolina Panthers,CAR,DST,2.171999999999999,580.0
,,,132.44653333333335,4870.0
